1326260487	20261004	202610	2026	2026.7507											MIL	DEFENCE FORCE						MIL			0	190	190	19	4	-10.0	2	1	2	-6.46230323115161	0								4	Dovzhanka, Odes'ka Oblast, Ukraine	UP	UP17	41181	47.4839	29.3974	-1038138	4	Dovzhanka, Odes'ka Oblast, Ukraine	UP	UP17	41181	47.4839	29.3974	-1038138	20261004161500	https://www.dailykos.com/stories/2026/10/3/800107349/community/1684/
1326260488	20261004	202610	2026	2026.7507											MIL	DEFENCE FORCE						MIL			0	190	190	19	4	-10.0	8	1	8	-6.46230323115161	0								4	Dovzhanka, Odes'ka Oblast, Ukraine	UP	UP17	41181	47.4839	29.3974	-1038138	4	Karpivka, Krym, Avtonomna Respublika, Ukraine	UP	UP11	28553	45.5244	34.0801	-1041094	20261004161500	https://www.dailykos.com/stories/2026/10/3/800107349/community/1684/
1326260497	20261004	202610	2026	2026.7507											UKR	UKRAINE	UKR								0	190	190	19	4	-10.0	7	1	7	-6.46230323115161	0								4	Oleksandrivka, Odes'ka Oblast, Ukraine	UP	UP17	28558	45.8917	28.9494	-1034099	4	Oleksandrivka, Odes'ka Oblast, Ukraine	UP	UP17	28558	45.8917	28.9494	-1034099	20261004161500	https://www.dailykos.com/stories/2026/10/3/800107349/community/1684/
1326260498	20261004	202610	2026	2026.7507											UKR	UKRAINE	UKR								0	190	190	19	4	-10.0	1	1	1	-6.46230323115161	0								4	Ternove, Zakarpats'ka Oblast', Ukraine	UP	UP25	28565	48.0784	23.74	-1056236	4	Oleksandrivka, Odes'ka Oblast, Ukraine	UP	UP17	28558	45.8917	28.9494	-1034099	20261004161500	https://www.dailykos.com/stories/2026/10/3/800107349/community/1684/
1326261151	20261004	202610	2026	2026.7507	SAU	SAUDI	SAU								DJI	DJIBOUTI	DJI								1	195	195	19	4	-10.0	2	1	2	-8.33333333333334	4	Riyadh, Ar Riya?, Saudi Arabia	SA	SA10	25316	24.6408	46.7728	-3093009	4	Sanaa, Sana', Yemen	YM	YM16	32956	15.3547	44.2067	-3191442	4	Riyadh, Ar Riya?, Saudi Arabia	SA	SA10	25316	24.6408	46.7728	-3093009	20261004161500	https://www.presstv.co.uk/Detail/2026/10/04/777604/Yemen-Saud-Aramco-Saree-
1326261154	20261004	202610	2026	2026.7507	SAU	SAUDI	SAU								SAUMIL	SAUDI ARABIA	SAU					MIL			1	194	194	19	4	-10.0	2	1	2	-8.33333333333334	4	Riyadh, Ar Riya?, Saudi Arabia	SA	SA10	25316	24.6408	46.7728	-3093009	4	Riyadh, Ar Riya?, Saudi Arabia	SA	SA10	25316	24.6408	46.7728	-3093009	4	Riyadh, Ar Riya?, Saudi Arabia	SA	SA10	25316	24.6408	46.7728	-3093009	20261004161500	https://www.presstv.co.uk/Detail/2026/10/04/777604/Yemen-Saud-Aramco-Saree-
1326261159	20261004	202610	2026	2026.7507	SAU	SAUDI ARABIA	SAU								YEM	YEMEN	YEM								0	195	195	19	4	-10.0	2	1	2	-8.33333333333334	4	Khurais, Ash Sharqiyah, Saudi Arabia	SA	SA06	25316	25.0594	48.0639	-3096560	4	Sanaa, Sana', Yemen	YM	YM16	32956	15.3547	44.2067	-3191442	4	Khurais, Ash Sharqiyah, Saudi Arabia	SA	SA06	25316	25.0594	48.0639	-3096560	20261004161500	https://www.presstv.co.uk/Detail/2026/10/04/777604/Yemen-Saud-Aramco-Saree-
1326261160	20261004	202610	2026	2026.7507	SAU	SAUDI	SAU								YEM	SANAA	YEM								0	195	195	19	4	-10.0	6	1	6	-8.33333333333334	4	Khurais, Ash Sharqiyah, Saudi Arabia	SA	SA06	25316	25.0594	48.0639	-3096560	4	Sanaa, Sana', Yemen	YM	YM16	32956	15.3547	44.2067	-3191442	4	Sanaa, Sana', Yemen	YM	YM16	32956	15.3547	44.2067	-3191442	20261004161500	https://www.presstv.co.uk/Detail/2026/10/04/777604/Yemen-Saud-Aramco-Saree-
1326260652	20261004	202610	2026	2026.7507	CVL	MIGRANT						CVL													0	182	182	18	4	-9.5	10	1	10	-7.11354309165526	1	Morocco	MO	MO		32	-5	MO	0								1	Morocco	MO	MO		32	-5	MO	20261004161500	https://www.dailymail.com/news/article-16181993/Spanish-police-Ceuta-migrant-camp-royal-family.html
1326260658	20261004	202610	2026	2026.7507	CVL	MIGRANT						CVL			ESP	SPANISH	ESP								1	190	190	19	4	-10.0	2	1	2	-7.11354309165526	4	Melilla, Spain (general), Spain	SP	SP00	25821	35.2839	-2.94307	-391809	1	Morocco	MO	MO		32	-5	MO	1	Morocco	MO	MO		32	-5	MO	20261004161500	https://www.dailymail.com/news/article-16181993/Spanish-police-Ceuta-migrant-camp-royal-family.html
1326260659	20261004	202610	2026	2026.7507	CVL	MIGRANT						CVL			ESP	SPANISH	ESP								1	190	190	19	4	-10.0	2	1	2	-7.11354309165526	1	Morocco	MO	MO		32	-5	MO	4	Madrid, Madrid, Spain	SP	SP29	25820	40.4	-3.68333	-390625	4	Madrid, Madrid, Spain	SP	SP29	25820	40.4	-3.68333	-390625	20261004161500	https://www.dailymail.com/news/article-16181993/Spanish-police-Ceuta-migrant-camp-royal-family.html
1326260912	20261004	202610	2026	2026.7507	ISR	ISRAELI	ISR								PSE	GAZA	PSE								1	141	141	14	3	-6.5	4	1	4	-5.50847457627119	4	Gaza, Israel (general), Israel	IS	IS00	18315	31.4167	34.3333	-797156	4	Gaza, Israel (general), Israel	IS	IS00	18315	31.4167	34.3333	-797156	4	Gaza, Israel (general), Israel	IS	IS00	18315	31.4167	34.3333	-797156	20261004161500	https://www.presstv.co.uk/Detail/2026/10/04/777602/pro-Palestine-protest-London-Gaza-West-BAnk-Israeli-military-
1326260916	20261004	202610	2026	2026.7507	ISRMIL	ISRAEL	ISR					MIL			ISR	ISRAEL	ISR								1	141	141	14	3	-6.5	4	1	4	-5.50847457627119	4	Gaza, Israel (general), Israel	IS	IS00	18315	31.4167	34.3333	-797156	4	Gaza, Israel (general), Israel	IS	IS00	18315	31.4167	34.3333	-797156	4	Gaza, Israel (general), Israel	IS	IS00	18315	31.4167	34.3333	-797156	20261004161500	https://www.presstv.co.uk/Detail/2026/10/04/777602/pro-Palestine-protest-London-Gaza-West-BAnk-Israeli-military-
1326260917	20261004	202610	2026	2026.7507	ISRMIL	ISRAELI	ISR					MIL			PSE	GAZA	PSE								1	141	141	14	3	-6.5	4	1	4	-5.50847457627119	4	Gaza, Israel (general), Israel	IS	IS00	18315	31.4167	34.3333	-797156	4	Gaza, Israel (general), Israel	IS	IS00	18315	31.4167	34.3333	-797156	4	Gaza, Israel (general), Israel	IS	IS00	18315	31.4167	34.3333	-797156	20261004161500	https://www.presstv.co.uk/Detail/2026/10/04/777602/pro-Palestine-protest-London-Gaza-West-BAnk-Israeli-military-
1326260522	20261004	202610	2026	2026.7507	AUT	VIENNA	AUT																		1	193	193	19	4	-10.0	2	2	2	-7.40740740740741	4	Vienna, Wien, Austria	AU	AU09	5672	48.2	16.3667	-1995499	0								2	Georgia, United States	US	USGA		32.9866	-83.6487	GA	20261004161500	https://www.wgauradio.com/news/national/2-shot-dead-dozens/Z5OVMHGRFA6NFDK5VQ2VWEVJC4/
1326260523	20261004	202610	2026	2026.7507	AUT	AUSTRIA	AUT								USA	UNITED STATES	USA								1	193	193	19	4	-10.0	2	2	2	-7.40740740740741	4	Vienna, Wien, Austria	AU	AU09	5672	48.2	16.3667	-1995499	4	Vienna, Wien, Austria	AU	AU09	5672	48.2	16.3667	-1995499	2	Georgia, United States	US	USGA		32.9866	-83.6487	GA	20261004161500	https://www.wgauradio.com/news/national/2-shot-dead-dozens/Z5OVMHGRFA6NFDK5VQ2VWEVJC4/
1326261261	20261004	202610	2026	2026.7507	USA	MISSOURI	USA																		1	173	173	17	4	-5.0	10	1	8	-9.56937799043062	2	Missouri, United States	US	USMO		38.4623	-92.302	MO	0								2	Missouri, United States	US	USMO		38.4623	-92.302	MO	20261004161500	https://www.kait8.com/2026/10/03/man-found-guilty-burglary-connection-with-july-2022-break-in-pemiscot-co-home/
1326261275	20261004	202610	2026	2026.7507	USA	CHICAGO	USA								CVLCVL	VILLAGE						CVL	CVL		1	193	193	19	4	-10.0	4	1	4	-7.2	3	Chicago, Illinois, United States	US	USIL	IL031	41.85	-87.6501	423587	3	Chicago, Illinois, United States	US	USIL	IL031	41.85	-87.6501	423587	3	Chicago, Illinois, United States	US	USIL	IL031	41.85	-87.6501	423587	20261004161500	https://www.nbcchicago.com/news/local/2-men-shot-following-altercation-with-off-duty-chicago-police-officer/3997486/
1326260552	20261004	202610	2026	2026.7507	BUS	LANDLORD						BUS													1	172	172	17	4	-5.0	10	1	10	-4.03726708074534	4	London, London, City of, United Kingdom	UK	UKH9	40110	51.5	-0.116667	-2601889	0								4	London, London, City of, United Kingdom	UK	UKH9	40110	51.5	-0.116667	-2601889	20261004161500	https://www.mirror.co.uk/news/uk-news/landlord-fined-hackney-council-property-37733379
1326260858	20261004	202610	2026	2026.7507	IDN	INDONESIAN	IDN								UAF	TERRORIST						UAF			1	173	173	17	4	-5.0	2	1	2	-8.95522388059696	4	Antara, Aceh, Indonesia	ID	ID01	18585	3.5292	99.0184	10119106	4	Antara, Aceh, Indonesia	ID	ID01	18585	3.5292	99.0184	10119106	4	Antara, Aceh, Indonesia	ID	ID01	18585	3.5292	99.0184	10119106	20261004161500	https://en.antaranews.com/news/434089/indonesian-police-arrest-12-suspected-terrorists-across-six-provinces
1326260532	20261004	202610	2026	2026.7507	BLR	MINSK	BLR								RUS	MOSCOW	RUS								0	193	193	19	4	-10.0	1	1	1	-2.6813880126183	4	Minsk, Belarus (general), Belarus	BO	BO00	5840	53.9	27.5667	-1946324	4	Minsk, Belarus (general), Belarus	BO	BO00	5840	53.9	27.5667	-1946324	4	Minsk, Belarus (general), Belarus	BO	BO00	5840	53.9	27.5667	-1946324	20261004161500	https://londonlovesbusiness.com/lukashenko-pledges-unconditional-loyalty-to-putin-as-belarus-to-mobilise-troops-to-ukraine/
1326260533	20261004	202610	2026	2026.7507	BLR	BELARUS	BLR								RUS	RUSSIA	RUS								0	193	193	19	4	-10.0	2	1	2	-2.6813880126183	4	Minsk, Belarus (general), Belarus	BO	BO00	5840	53.9	27.5667	-1946324	4	Minsk, Belarus (general), Belarus	BO	BO00	5840	53.9	27.5667	-1946324	4	Moscow, Moskva, Russia	RS	RS48	25106	55.7522	37.6156	-2960561	20261004161500	https://londonlovesbusiness.com/lukashenko-pledges-unconditional-loyalty-to-putin-as-belarus-to-mobilise-troops-to-ukraine/
1326260471	20261004	202610	2026	2026.7507											EDU	SCHOOL						EDU			1	145	145	14	3	-7.5	10	1	10	-8.1532416502947	0								4	Paris, France (general), France	FR	FR00	16282	48.8667	2.33333	-1456928	4	Paris, France (general), France	FR	FR00	16282	48.8667	2.33333	-1456928	20261004161500	https://www.dailymail.com/news/article-16182015/France-closes-500-schools-violence-students-attacked-teachers.html
1326260617	20261004	202610	2026	2026.7507	COP	POLICE						COP													1	181	181	18	4	-9.0	13	1	10	-3.67892976588628	1	Nigeria	NI	NI		10	8	NI	0								1	Nigeria	NI	NI		10	8	NI	20261004161500	https://www.nigerianeye.com/2026/10/police-locate-camp-where-abducted-nysc.html
1326261206	20261004	202610	2026	2026.7507	UAF	ARMED MEN						UAF			IND	MANIPUR	IND								1	181	181	18	4	-9.0	10	1	10	-10.6976744186047	0								0								0								20261004161500	https://www.thehindu.com/news/national/manipur/kuki-man-found-dead-a-day-after-abduction-in-manipur/article71543865.ece
1326260422	20251004	202510	2025	2025.7507	JPN	JAPANESE	JPN								COP	PRISON						COP			0	1821	182	18	4	-9.0	10	1	10	-9.80392156862744	4	Ginowan, Okinawa, Japan	JA	JA47	35741	26.2626	127.761	-227864	4	Ginowan, Okinawa, Japan	JA	JA47	35741	26.2626	127.761	-227864	4	Ginowan, Okinawa, Japan	JA	JA47	35741	26.2626	127.761	-227864	20261004161500	https://www.taipeitimes.com/News/world/archives/2026/10/05/2003865427
1326260424	20251004	202510	2025	2025.7507	JPN	JAPANESE	JPN								USA	A US	USA								0	173	173	17	4	-5.0	10	1	10	-9.80392156862744	4	Ginowan, Okinawa, Japan	JA	JA47	35741	26.2626	127.761	-227864	4	Ginowan, Okinawa, Japan	JA	JA47	35741	26.2626	127.761	-227864	4	Ginowan, Okinawa, Japan	JA	JA47	35741	26.2626	127.761	-227864	20261004161500	https://www.taipeitimes.com/News/world/archives/2026/10/05/2003865427
1326260863	20261004	202610	2026	2026.7507	IGOUNO	THE UN		UNO				IGO													0	190	190	19	4	-10.0	10	1	10	-11.3138686131387	4	Gaza, Israel (general), Israel	IS	IS00	18315	31.4167	34.3333	-797156	0								4	Gaza, Israel (general), Israel	IS	IS00	18315	31.4167	34.3333	-797156	20261004161500	https://www.moroccoworldnews.com/2026/10/340632/israels-iof-continue-attacks-on-palestinians/
1326261131	20261004	202610	2026	2026.7507	RUS	RUSSIA	RUS								UKR	UKRAINE	UKR								1	190	190	19	4	-10.0	2	1	2	-6.24151967435549	4	Donbas, Ukraine (general), Ukraine	UP	UP00	25090	48.5	38.5	-1038077	4	Donbas, Ukraine (general), Ukraine	UP	UP00	25090	48.5	38.5	-1038077	4	Donbas, Ukraine (general), Ukraine	UP	UP00	25090	48.5	38.5	-1038077	20261004161500	https://londonlovesbusiness.com/putins-flesh-blender-russia-suffers-record-losses-for-little-strategic-gain/
1326255605	20261004	202610	2026	2026.7507	PSE	GAZA	PSE								ISR	ISRAEL	ISR								1	202	202	20	4	-10.0	2	1	2	-9.77443609022556	4	Gaza, Israel (general), Israel	IS	IS00	18315	31.4167	34.3333	-797156	4	Gaza, Israel (general), Israel	IS	IS00	18315	31.4167	34.3333	-797156	4	Gaza, Israel (general), Israel	IS	IS00	18315	31.4167	34.3333	-797156	20261004151500	https://www.islamicinvitationturkey.com/palestinian-factions-condemn-latest-zionist-massacre-in-gaza-city/
1326260426	20260904	202609	2026	2026.6685											GBR	UNITED KINGDOM	GBR								0	042	042	04	1	1.9	1	1	1	0.17482517482518	0								4	Sussex, East Sussex, United Kingdom	UK	UKE2	40137	50.9167	-0.083333	-2609142	1	United States	US	US		39.828175	-98.5795	US	20261004161500	https://www.express.co.uk/news/royal/2254374/prince-harrys-uk-life-laid
1326260427	20260904	202609	2026	2026.6685											GBR	UNITED KINGDOM	GBR								0	042	042	04	1	1.9	1	1	1	0.1984126984127	0								1	United Kingdom	UK	UK		54	-4	UK	1	United States	US	US		39.828175	-98.5795	US	20261004161500	https://www.aol.co.uk/articles/prince-harrys-uk-life-laid-153800000.html
1326260428	20260904	202609	2026	2026.6685	GBR	UNITED KINGDOM	GBR																		0	043	043	04	1	2.8	1	1	1	0.17482517482518	4	Sussex, East Sussex, United Kingdom	UK	UKE2	40137	50.9167	-0.083333	-2609142	0								1	United States	US	US		39.828175	-98.5795	US	20261004161500	https://www.express.co.uk/news/royal/2254374/prince-harrys-uk-life-laid
1326260429	20260904	202609	2026	2026.6685	GBR	UNITED KINGDOM	GBR																		0	043	043	04	1	2.8	1	1	1	0.1984126984127	1	United Kingdom	UK	UK		54	-4	UK	0								1	United States	US	US		39.828175	-98.5795	US	20261004161500	https://www.aol.co.uk/articles/prince-harrys-uk-life-laid-153800000.html
9000000001	20261004	202610	2026	2026.7507	SAU	SAUDI	SAU								DJI	DJIBOUTI	DJI								1	195	195	19	4	-10.0	2	1	2	-8.33333333333334	4	Riyadh, Ar Riya?, Saudi Arabia	SA	SA10	25316	24.6408	46.7728	-3093009	4	Sanaa, Sana', Yemen	YM	YM16	32956	15.3547	44.2067	-3191442	4	Riyadh, Ar Riya?, Saudi Arabia	SA	SA10	25316	24.6408	46.7728	-3093009	20261004161500	https://example.com/no-title
9000000002	20261004	202610	2026	2026.7507	SAU	SAUDI	SAU								DJI	DJIBOUTI	DJI								1	195	195	19	4	-10.0	2	1	2	-8.33333333333334	4	Riyadh, Ar Riya?, Saudi Arabia	SA	SA10	25316	24.6408	46.7728	-3093009	4	Sanaa, Sana', Yemen	YM	YM16	32956	15.3547	44.2067	-3191442	4	Riyadh, Ar Riya?, Saudi Arabia	SA	SA10	25316	abc	46.7728	-3093009	20261004161500	https://example.com/bad-lat
9000000003	20261004	202610	2026	2026.7507	SAU	SAUDI	SAU								DJI	DJIBOUTI	DJI								1	195	195	19	4	-10.0	2	1	2	-8.33333333333334	4	Riyadh, Ar Riya?, Saudi Arabia	SA	SA10	25316	24.6408	46.7728	-3093009	4	Sanaa, Sana', Yemen	YM	YM16	32956	15.3547	44.2067	-3191442	4	Riyadh, Ar Riya?, Saudi Arabia	SA	SA10	25316			-3093009	20261004161500	https://example.com/no-geo
1326261151	20261004	202610	2026	2026.7507	SAU	SAUDI	SAU								DJI	DJIBOUTI	DJI		
9000000004	20261004	202610	2026	2026.7507	SAU	SAUDI	SAU								DJI	DJIBOUTI	DJI								1	195	195	19	4	-10.0	2	1	2	-8.33333333333334	4	Riyadh, Ar Riya?, Saudi Arabia	SA	SA10	25316	24.6408	46.7728	-3093009	4	Sanaa, Sana', Yemen	YM	YM16	32956	15.3547	44.2067	-3191442	4	Riyadh, Ar Riya?, Saudi Arabia	SA	SA10	25316	24.6408	46.7728	-3093009	20261004161500	ftp://example.com/not-http
9000000005	20261004	202610	2026	2026.7507	SAU	SAUDI	SAU								DJI	DJIBOUTI	DJI								1	195	195	19	4	-10.0	1	1	1	-8.33333333333334	4	Riyadh, Ar Riya?, Saudi Arabia	SA	SA10	25316	24.6408	46.7728	-3093009	4	Sanaa, Sana', Yemen	YM	YM16	32956	15.3547	44.2067	-3191442	4	Riyadh, Ar Riya?, Saudi Arabia	SA	SA10	25316	24.6408	46.7728	-3093009	20261004161500	https://example.com/single-mention
9000000006	20261004	202610	2026	2026.7507	SAU	SAUDI	SAU								DJI	DJIBOUTI	DJI								1	141	14	14	3	-6.5	4	1	4	-8.33333333333334	4	Riyadh, Ar Riya?, Saudi Arabia	SA	SA10	25316	24.6408	46.7728	-3093009	4	Sanaa, Sana', Yemen	YM	YM16	32956	15.3547	44.2067	-3191442	4	Sydney, New South Wales, Australia	AS	SA10	25316	-33.8833	151.217	-3093009	20261004161500	https://example.com/flood-protest
9000000007	20261004	202610	2026	2026.7507	SAU	SAUDI	SAU								DJI	DJIBOUTI	DJI								1	145	14	14	3	-7.5	6	1	6	-8.33333333333334	4	Riyadh, Ar Riya?, Saudi Arabia	SA	SA10	25316	24.6408	46.7728	-3093009	4	Sanaa, Sana', Yemen	YM	YM16	32956	15.3547	44.2067	-3191442	4	Vienna, Wien, Austria	AU	SA10	25316	48.2	16.3667	-3093009	20991231235959	https://example.com/vienna-riot
