20261004161500-6	20261004161500	1	dailykos.com	https://www.dailykos.com/stories/2026/10/3/800107349/community/1684/																						<PAGE_TITLE>Ukraine Invasion Day 1,683: RU further disrupts UKR's economy and civilian life.</PAGE_TITLE>
20261004161500-500	20261004161500	1	presstv.co.uk	https://www.presstv.co.uk/Detail/2026/10/04/777604/Yemen-Saud-Aramco-Saree-																						<PAGE_TITLE>Yemeni armed forces strike Saudi Aramco oil facilities in Riyadh: Spokesman</PAGE_TITLE>
20261004161500-336	20261004161500	1	dailymail.com	https://www.dailymail.com/news/article-16181993/Spanish-police-Ceuta-migrant-camp-royal-family.html																						<PAGE_TITLE>Spanish police clear Ceuta beach where 3,000 migrants had set up camp</PAGE_TITLE>
20261004161500-20	20261004161500	1	presstv.co.uk	https://www.presstv.co.uk/Detail/2026/10/04/777602/pro-Palestine-protest-London-Gaza-West-BAnk-Israeli-military-																						<PAGE_TITLE>Pro-Palestine protesters bring traffic to standstill at Londons Oxford Circus</PAGE_TITLE>
20261004161500-258	20261004161500	1	wgauradio.com	https://www.wgauradio.com/news/national/2-shot-dead-dozens/Z5OVMHGRFA6NFDK5VQ2VWEVJC4/																						<PAGE_TITLE>2 killed, dozens injured at Vienna, Georgia, block party shooting</PAGE_TITLE>
20261004161500-503	20261004161500	1	kait8.com	https://www.kait8.com/2026/10/03/man-found-guilty-burglary-connection-with-july-2022-break-in-pemiscot-co-home/																						<PAGE_TITLE>Man found guilty of burglary in connection with July 2022 break-in at Pemiscot Co. home</PAGE_TITLE>
20261004161500-175	20261004161500	1	nbcchicago.com	https://www.nbcchicago.com/news/local/2-men-shot-following-altercation-with-off-duty-chicago-police-officer/3997486/																						<PAGE_TITLE>2 men shot during altercation with off-duty Chicago police officer &#x2013; NBC Chicago</PAGE_TITLE>
20261004161500-467	20261004161500	1	mirror.co.uk	https://www.mirror.co.uk/news/uk-news/landlord-fined-hackney-council-property-37733379																						<PAGE_TITLE>Rogue landlord fined &#xA3;30,000 by Hackney Council after leaving tenants at risk in unsafe home</PAGE_TITLE>
20261004161500-414	20261004161500	1	antaranews.com	https://en.antaranews.com/news/434089/indonesian-police-arrest-12-suspected-terrorists-across-six-provinces																						<PAGE_TITLE>Indonesian police arrest 12 suspected terrorists across six provinces</PAGE_TITLE>
20261004161500-403	20261004161500	1	londonlovesbusiness.com	https://londonlovesbusiness.com/lukashenko-pledges-unconditional-loyalty-to-putin-as-belarus-to-mobilise-troops-to-ukraine/																						<PAGE_TITLE>Lukashenko pledges unconditional loyalty to Putin as Belarus to 'mobilise troops' to Ukraine - London Business News</PAGE_TITLE>
20261004161500-43	20261004161500	1	dailymail.com	https://www.dailymail.com/news/article-16182015/France-closes-500-schools-violence-students-attacked-teachers.html																						<PAGE_TITLE>Riot-hit France closes up to 500 schools amid fears of fresh violence</PAGE_TITLE>
20261004161500-50	20261004161500	1	nigerianeye.com	https://www.nigerianeye.com/2026/10/police-locate-camp-where-abducted-nysc.html																						<PAGE_TITLE>Police 'locate' camp where abducted NYSC members are held, say IED threat delaying rescue - Latest News In Nigeria, Nigeria News Today, Your Online Nigerian Newspaper</PAGE_TITLE>
20261004161500-71	20261004161500	1	thehindu.com	https://www.thehindu.com/news/national/manipur/kuki-man-found-dead-a-day-after-abduction-in-manipur/article71543865.ece																						<PAGE_TITLE>Kuki man found dead a day after abduction in Manipur</PAGE_TITLE>
20261004161500-517	20261004161500	1	taipeitimes.com	https://www.taipeitimes.com/News/world/archives/2026/10/05/2003865427																						<PAGE_TITLE>US marine arrested in Okinawa - Taipei Times</PAGE_TITLE>
20261004161500-275	20261004161500	1	moroccoworldnews.com	https://www.moroccoworldnews.com/2026/10/340632/israels-iof-continue-attacks-on-palestinians/																						<PAGE_TITLE>Israel's IOF Continue Attacks on Palestinians</PAGE_TITLE>
20261004161500-317	20261004161500	1	londonlovesbusiness.com	https://londonlovesbusiness.com/putins-flesh-blender-russia-suffers-record-losses-for-little-strategic-gain/																						<PAGE_TITLE>Putin's flesh blender: Russia suffers record losses for little strategic gain - London Business News</PAGE_TITLE>
20261004151500-268	20261004151500	1	islamicinvitationturkey.com	https://www.islamicinvitationturkey.com/palestinian-factions-condemn-latest-zionist-massacre-in-gaza-city/																						<PAGE_TITLE>Palestinian factions condemn latest zionist massacre in Gaza City - Islamic Invitation Turkey</PAGE_TITLE>
20261004161500-0	20261004161500	1	goss.ie	https://goss.ie/page/6805																						<PAGE_TITLE>Goss.ie | Always FIRST for Celebrity News</PAGE_TITLE>
20261004161500-1	20261004161500	1	sbsun.com	https://www.sbsun.com/2026/10/04/riverside-county-settles-foster-child-sex-abuse-case-for-4-2-million/																						<PAGE_TITLE>Riverside County settles foster child sex abuse case for $4.2 million</PAGE_TITLE>
20261004161500-2	20261004161500	1	ganggreennation.com	https://www.ganggreennation.com/general/97248/jets-fan-confidence-rises-despite-loss-to-lions																						<PAGE_TITLE>Jets fan confidence rises despite loss to Lions</PAGE_TITLE>
20261004161500-3	20261004161500	1	salinapost.com	https://salinapost.com/posts/e01beaa8-ef8a-4283-b510-76784cf95827																						<PAGE_LINKS>https://example.com/a</PAGE_LINKS>
99990101000000-T1	20261004161500	1	example.com	https://example.com/bad-lat																						<PAGE_TITLE>Bad latitude row</PAGE_TITLE>
99990101000000-T1	20261004161500	1	example.com	https://example.com/no-geo																						<PAGE_TITLE>Row without coordinates</PAGE_TITLE>
99990101000000-T1	20261004161500	1	example.com	ftp://example.com/not-http																						<PAGE_TITLE>Non-http source url</PAGE_TITLE>
99990101000000-T1	20261004161500	1	example.com	https://example.com/single-mention																						<PAGE_TITLE>Clashes reported in single article</PAGE_TITLE>
99990101000000-T1	20261004161500	1	example.com	https://example.com/flood-protest																						<PAGE_TITLE>Flash floods spark protests over slow relief in Sydney</PAGE_TITLE>
99990101000000-T1	20261004161500	1	example.com	https://example.com/vienna-riot																						<PAGE_TITLE>Police and protesters clash in Vienna &amp; Graz &#x2013; &quot;night of anger&quot;</PAGE_TITLE>
